stop_id,lat,lng,zone_id,zone_name,time_window_start,time_window_end,service_time,cod_total,packages
ST_01,28.524582803953734,77.1975503226567,Z2,Saket / South Delhi (Residential Zone),13:00:00,17:00:00,579,0.0,"[{""package_id"": ""PKG_ST_01_0"", ""weight"": 2.62, ""volume"": 14992.95, ""payment_type"": ""PREPAID"", ""cod_amount"": 0.0}]"
ST_02,28.563877553305176,77.09867687278741,Z3,Dwarka / West Delhi (Suburban),09:00:00,13:00:00,579,3783.73,"[{""package_id"": ""PKG_ST_02_0"", ""weight"": 2.58, ""volume"": 10601.75, ""payment_type"": ""COD"", ""cod_amount"": 3783.73}]"
ST_03,28.567985594628848,77.22027627138851,Z1,Connaught Place (Commercial Curfew Zone),13:00:00,17:00:00,442,0.0,"[{""package_id"": ""PKG_ST_03_0"", ""weight"": 7.71, ""volume"": 4033.53, ""payment_type"": ""PREPAID"", ""cod_amount"": 0.0}]"
ST_04,28.51006438499435,77.22551639216621,Z2,Saket / South Delhi (Residential Zone),13:00:00,17:00:00,435,0.0,"[{""package_id"": ""PKG_ST_04_0"", ""weight"": 1.38, ""volume"": 2837.61, ""payment_type"": ""PREPAID"", ""cod_amount"": 0.0}]"
ST_05,28.592685130930974,77.11098927146774,Z3,Dwarka / West Delhi (Suburban),09:00:00,19:00:00,485,0.0,"[{""package_id"": ""PKG_ST_05_0"", ""weight"": 9.74, ""volume"": 8192.15, ""payment_type"": ""PREPAID"", ""cod_amount"": 0.0}]"
ST_06,28.572720564357702,77.22793715508645,Z1,Connaught Place (Commercial Curfew Zone),09:00:00,13:00:00,436,4259.07,"[{""package_id"": ""PKG_ST_06_0"", ""weight"": 2.67, ""volume"": 6498.37, ""payment_type"": ""COD"", ""cod_amount"": 4259.07}, {""package_id"": ""PKG_ST_06_1"", ""weight"": 1.46, ""volume"": 6281.5, ""payment_type"": ""PREPAID"", ""cod_amount"": 0.0}, {""package_id"": ""PKG_ST_06_2"", ""weight"": 3.97, ""volume"": 8033.44, ""payment_type"": ""PREPAID"", ""cod_amount"": 0.0}]"
ST_07,28.526454609403753,77.21730642996611,Z2,Saket / South Delhi (Residential Zone),09:00:00,13:00:00,328,7471.64,"[{""package_id"": ""PKG_ST_07_0"", ""weight"": 6.53, ""volume"": 11148.66, ""payment_type"": ""COD"", ""cod_amount"": 7471.64}, {""package_id"": ""PKG_ST_07_1"", ""weight"": 3.06, ""volume"": 18582.43, ""payment_type"": ""PREPAID"", ""cod_amount"": 0.0}, {""package_id"": ""PKG_ST_07_2"", ""weight"": 2.59, ""volume"": 7161.37, ""payment_type"": ""PREPAID"", ""cod_amount"": 0.0}]"
ST_08,28.569561922878563,77.08308400975616,Z3,Dwarka / West Delhi (Suburban),13:00:00,17:00:00,502,0.0,"[{""package_id"": ""PKG_ST_08_0"", ""weight"": 3.04, ""volume"": 5008.67, ""payment_type"": ""PREPAID"", ""cod_amount"": 0.0}, {""package_id"": ""PKG_ST_08_1"", ""weight"": 8.83, ""volume"": 6978.88, ""payment_type"": ""PREPAID"", ""cod_amount"": 0.0}]"
ST_09,28.5819404946166,77.22608555610601,Z1,Connaught Place (Commercial Curfew Zone),09:00:00,13:00:00,485,0.0,"[{""package_id"": ""PKG_ST_09_0"", ""weight"": 1.83, ""volume"": 15154.79, ""payment_type"": ""PREPAID"", ""cod_amount"": 0.0}, {""package_id"": ""PKG_ST_09_1"", ""weight"": 7.6, ""volume"": 9140.24, ""payment_type"": ""PREPAID"", ""cod_amount"": 0.0}]"
ST_10,28.511979622774717,77.22672612819487,Z2,Saket / South Delhi (Residential Zone),09:00:00,19:00:00,539,16126.91,"[{""package_id"": ""PKG_ST_10_0"", ""weight"": 1.36, ""volume"": 1895.21, ""payment_type"": ""COD"", ""cod_amount"": 9784.24}, {""package_id"": ""PKG_ST_10_1"", ""weight"": 8.02, ""volume"": 9021.04, ""payment_type"": ""COD"", ""cod_amount"": 6342.67}]"
ST_11,28.581564573803963,77.12064313510454,Z3,Dwarka / West Delhi (Suburban),09:00:00,13:00:00,434,7086.71,"[{""package_id"": ""PKG_ST_11_0"", ""weight"": 7.35, ""volume"": 13952.5, ""payment_type"": ""PREPAID"", ""cod_amount"": 0.0}, {""package_id"": ""PKG_ST_11_1"", ""weight"": 3.03, ""volume"": 13178.27, ""payment_type"": ""COD"", ""cod_amount"": 7086.71}, {""package_id"": ""PKG_ST_11_2"", ""weight"": 4.81, ""volume"": 19122.5, ""payment_type"": ""PREPAID"", ""cod_amount"": 0.0}]"
ST_12,28.584556642966103,77.22965886597156,Z1,Connaught Place (Commercial Curfew Zone),09:00:00,19:00:00,401,0.0,"[{""package_id"": ""PKG_ST_12_0"", ""weight"": 8.77, ""volume"": 6670.45, ""payment_type"": ""PREPAID"", ""cod_amount"": 0.0}]"
ST_13,28.50998517805649,77.21967532400227,Z2,Saket / South Delhi (Residential Zone),09:00:00,19:00:00,340,8943.0,"[{""package_id"": ""PKG_ST_13_0"", ""weight"": 9.23, ""volume"": 12379.95, ""payment_type"": ""PREPAID"", ""cod_amount"": 0.0}, {""package_id"": ""PKG_ST_13_1"", ""weight"": 1.56, ""volume"": 7896.63, ""payment_type"": ""PREPAID"", ""cod_amount"": 0.0}, {""package_id"": ""PKG_ST_13_2"", ""weight"": 8.16, ""volume"": 5549.59, ""payment_type"": ""COD"", ""cod_amount"": 8943.0}]"
ST_14,28.563826138082714,77.10123961853266,Z3,Dwarka / West Delhi (Suburban),09:00:00,13:00:00,402,0.0,"[{""package_id"": ""PKG_ST_14_0"", ""weight"": 7.78, ""volume"": 3439.44, ""payment_type"": ""PREPAID"", ""cod_amount"": 0.0}, {""package_id"": ""PKG_ST_14_1"", ""weight"": 5.72, ""volume"": 6036.08, ""payment_type"": ""PREPAID"", ""cod_amount"": 0.0}, {""package_id"": ""PKG_ST_14_2"", ""weight"": 4.52, ""volume"": 5024.17, ""payment_type"": ""PREPAID"", ""cod_amount"": 0.0}]"
ST_15,28.576788469184574,77.21876976899992,Z1,Connaught Place (Commercial Curfew Zone),09:00:00,19:00:00,330,8754.9,"[{""package_id"": ""PKG_ST_15_0"", ""weight"": 4.05, ""volume"": 18092.67, ""payment_type"": ""PREPAID"", ""cod_amount"": 0.0}, {""package_id"": ""PKG_ST_15_1"", ""weight"": 2.86, ""volume"": 2216.49, ""payment_type"": ""COD"", ""cod_amount"": 8754.9}, {""package_id"": ""PKG_ST_15_2"", ""weight"": 6.09, ""volume"": 1136.63, ""payment_type"": ""PREPAID"", ""cod_amount"": 0.0}]"
